[{"model": "auth.group", "pk": 1, "fields": {"name": "empleado", "permissions": []}}, {"model": "auth.group", "pk": 2, "fields": {"name": "Empleado", "permissions": [115, 116, 117, 85, 86, 87, 94, 95, 96, 127, 128, 76, 77, 78, 82, 83, 84, 125, 70, 71, 72, 79, 80, 81, 103, 104, 105, 88, 89, 90, 73, 74, 75, 106, 107, 108]}}, {"model": "auth.group", "pk": 3, "fields": {"name": "Empresa", "permissions": [19, 20, 21, 28, 29, 30, 37, 38, 39, 46, 47, 48, 34, 35, 36, 43, 44, 45, 40, 41, 42, 22, 23, 24, 52, 53, 54, 55, 56, 57, 49, 50, 51, 31, 32, 33, 25, 26, 27, 115, 116, 117, 85, 86, 87, 94, 95, 96, 172, 173, 174, 127, 128, 129, 76, 77, 78, 82, 83, 84, 130, 131, 132, 124, 125, 126, 70, 71, 72, 79, 80, 81, 103, 104, 105, 88, 89, 90, 136, 137, 138, 73, 74, 75, 106, 107, 108, 67, 68, 69]}}, {"model": "auth.user", "pk": 1, "fields": {"password": "pbkdf2_sha256$30000$A9UHu70sK4Sq$i45LiSIRdhr5p+PW3AMK3ZStLBKXKSzKC5hNbiH7H08=", "last_login": "2017-05-19T19:08:36.813Z", "is_superuser": true, "username": "admin", "first_name": "", "last_name": "", "email": "admin@admin.co", "is_staff": true, "is_active": true, "date_joined": "2017-03-26T03:30:42.526Z", "groups": [1], "user_permissions": []}}, {"model": "auth.user", "pk": 2, "fields": {"password": "pbkdf2_sha256$30000$kIVHYy3ijcBs$SQmmteFqzazvnLqE/YQysVbeeoQHHK2kw2mro/QXtyI=", "last_login": "2017-04-06T00:52:49.713Z", "is_superuser": false, "username": "ypicoleal", "first_name": "", "last_name": "", "email": "", "is_staff": true, "is_active": true, "date_joined": "2017-03-26T16:03:18Z", "groups": [2], "user_permissions": []}}, {"model": "auth.user", "pk": 3, "fields": {"password": "pbkdf2_sha256$30000$g9YykrKi2DjY$/B16zRXjwyFGK0UHpQaUxVXypTceR/LyYaZfTrnZa3w=", "last_login": "2017-04-06T17:56:12.391Z", "is_superuser": false, "username": "eugenio", "first_name": "", "last_name": "", "email": "", "is_staff": true, "is_active": true, "date_joined": "2017-04-05T22:31:21.768Z", "groups": [2], "user_permissions": []}}, {"model": "auth.user", "pk": 4, "fields": {"password": "pbkdf2_sha256$30000$vkRX6XJNuRNr$zypiMKH2N8CNgFgTnoJX+T+rYgp+BxYBvC8QTiNM28w=", "last_login": "2017-04-21T06:04:25.984Z", "is_superuser": false, "username": "buhomayhem", "first_name": "", "last_name": "", "email": "", "is_staff": true, "is_active": true, "date_joined": "2017-04-07T01:30:05.307Z", "groups": [2], "user_permissions": []}}, {"model": "auth.user", "pk": 5, "fields": {"password": "pbkdf2_sha256$30000$LJjuLGriCkkK$KxIc+T69tb1Ylz+8f/m+Jz+HVfRPnQ3O66Ds76KVhFU=", "last_login": "2017-05-16T19:20:54.225Z", "is_superuser": false, "username": "mario", "first_name": "", "last_name": "", "email": "", "is_staff": true, "is_active": true, "date_joined": "2017-04-07T03:17:36.645Z", "groups": [2], "user_permissions": []}}, {"model": "auth.user", "pk": 6, "fields": {"password": "pbkdf2_sha256$30000$ktuaGiLfXNpL$cAxiC5T4LuCHeDzsiH8EXMa9/dwBLvDSOY162dlsRss=", "last_login": null, "is_superuser": false, "username": "antares", "first_name": "", "last_name": "", "email": "", "is_staff": true, "is_active": true, "date_joined": "2017-04-07T17:15:49.246Z", "groups": [2], "user_permissions": []}}, {"model": "auth.user", "pk": 7, "fields": {"password": "pbkdf2_sha256$30000$LblSIIlqcsDU$Jw19TBPazPPsID7QCSBpUNPmghEVUgnMpfdi1s4RHxg=", "last_login": "2017-05-06T16:32:44.738Z", "is_superuser": false, "username": "estefa", "first_name": "", "last_name": "", "email": "", "is_staff": true, "is_active": true, "date_joined": "2017-04-26T21:50:31.495Z", "groups": [2], "user_permissions": []}}, {"model": "auth.user", "pk": 8, "fields": {"password": "pbkdf2_sha256$30000$XKoTVeiZ4605$0D60/UeEQFPAnHqOlGLmOH8sCMTfIfXReIiPHsR2CoU=", "last_login": "2017-05-11T16:33:13.901Z", "is_superuser": false, "username": "grit", "first_name": "", "last_name": "", "email": "", "is_staff": true, "is_active": true, "date_joined": "2017-05-11T16:18:29.685Z", "groups": [3], "user_permissions": []}}, {"model": "auth.user", "pk": 9, "fields": {"password": "pbkdf2_sha256$30000$1A8ZYOCag3rW$k3sJBmk+Rc8XAKV2AnqkY8SBUqIp1k0nmoqRmO2QtXg=", "last_login": "2017-05-19T16:16:50.355Z", "is_superuser": false, "username": "exile", "first_name": "", "last_name": "", "email": "", "is_staff": true, "is_active": true, "date_joined": "2017-05-11T16:20:09.851Z", "groups": [3], "user_permissions": []}}, {"model": "sessions.session", "pk": "1jba5p2pgvzzzuqmv79rpvc1khtxirab", "fields": {"session_data": "NjRmYTNmY2M5MGYxNmE3ZDJlNzE5N2NlM2RhYTJkZjZkMzIwNDA5MTp7Il9hdXRoX3VzZXJfaGFzaCI6IjViMWI0YjhjY2ZkNDYwMWEzNzMxZTYwNGEzMjdhYjgzYzk3MjQ4YzciLCJfYXV0aF91c2VyX2JhY2tlbmQiOiJkamFuZ28uY29udHJpYi5hdXRoLmJhY2tlbmRzLk1vZGVsQmFja2VuZCIsIl9hdXRoX3VzZXJfaWQiOiIxIn0=", "expire_date": "2017-05-22T17:55:23.845Z"}}, {"model": "sessions.session", "pk": "1s34vxm0eptcraxl8by58o0qeobjpphs", "fields": {"session_data": "NjRmYTNmY2M5MGYxNmE3ZDJlNzE5N2NlM2RhYTJkZjZkMzIwNDA5MTp7Il9hdXRoX3VzZXJfaGFzaCI6IjViMWI0YjhjY2ZkNDYwMWEzNzMxZTYwNGEzMjdhYjgzYzk3MjQ4YzciLCJfYXV0aF91c2VyX2JhY2tlbmQiOiJkamFuZ28uY29udHJpYi5hdXRoLmJhY2tlbmRzLk1vZGVsQmFja2VuZCIsIl9hdXRoX3VzZXJfaWQiOiIxIn0=", "expire_date": "2017-04-24T17:10:50.641Z"}}, {"model": "sessions.session", "pk": "2le794220i6yihlitcdth5zb37lqcv7w", "fields": {"session_data": "NGVjZWFjMzRjMmM3NTM1NjhmMzEwNWVlNTIzOGE3ZDkzMDExMzJmMTp7Il9hdXRoX3VzZXJfaGFzaCI6ImMyYTQzM2IxZTYxYzU0ZThkODY5OTUzN2VjYjg2ZDFkZTg4MTYyYzEiLCJfYXV0aF91c2VyX2JhY2tlbmQiOiJkamFuZ28uY29udHJpYi5hdXRoLmJhY2tlbmRzLk1vZGVsQmFja2VuZCIsIl9hdXRoX3VzZXJfaWQiOiI1In0=", "expire_date": "2017-05-05T06:22:19.385Z"}}, {"model": "sessions.session", "pk": "76stykqbr0vycqjl0jqyrzzoamlt7rgm", "fields": {"session_data": "NjRmYTNmY2M5MGYxNmE3ZDJlNzE5N2NlM2RhYTJkZjZkMzIwNDA5MTp7Il9hdXRoX3VzZXJfaGFzaCI6IjViMWI0YjhjY2ZkNDYwMWEzNzMxZTYwNGEzMjdhYjgzYzk3MjQ4YzciLCJfYXV0aF91c2VyX2JhY2tlbmQiOiJkamFuZ28uY29udHJpYi5hdXRoLmJhY2tlbmRzLk1vZGVsQmFja2VuZCIsIl9hdXRoX3VzZXJfaWQiOiIxIn0=", "expire_date": "2017-04-14T22:00:28.124Z"}}, {"model": "sessions.session", "pk": "9gyyfr7pue26zj35bhiuud1055m1kfxb", "fields": {"session_data": "NjRmYTNmY2M5MGYxNmE3ZDJlNzE5N2NlM2RhYTJkZjZkMzIwNDA5MTp7Il9hdXRoX3VzZXJfaGFzaCI6IjViMWI0YjhjY2ZkNDYwMWEzNzMxZTYwNGEzMjdhYjgzYzk3MjQ4YzciLCJfYXV0aF91c2VyX2JhY2tlbmQiOiJkamFuZ28uY29udHJpYi5hdXRoLmJhY2tlbmRzLk1vZGVsQmFja2VuZCIsIl9hdXRoX3VzZXJfaWQiOiIxIn0=", "expire_date": "2017-04-29T16:05:11.084Z"}}, {"model": "sessions.session", "pk": "9rnfeuiui5rdvvzfxxp5uybdh1fem6xk", "fields": {"session_data": "MTg0Yzk2ZTUyOWFmOTQxNzgwMGUwYWEyYWM1NGI3ODIwZDcwOWNhODp7Il9hdXRoX3VzZXJfaGFzaCI6ImUzYTcxMDhiNzM5NmJjZGVmMzE1YmM2YmY5ZTcyYWQ5YWFmY2U4ZjMiLCJfYXV0aF91c2VyX2JhY2tlbmQiOiJkamFuZ28uY29udHJpYi5hdXRoLmJhY2tlbmRzLk1vZGVsQmFja2VuZCIsIl9hdXRoX3VzZXJfaWQiOiI3In0=", "expire_date": "2017-05-20T16:32:44.763Z"}}, {"model": "sessions.session", "pk": "co7macigqd6s20x1nib9enzipurk17fb", "fields": {"session_data": "NjRmYTNmY2M5MGYxNmE3ZDJlNzE5N2NlM2RhYTJkZjZkMzIwNDA5MTp7Il9hdXRoX3VzZXJfaGFzaCI6IjViMWI0YjhjY2ZkNDYwMWEzNzMxZTYwNGEzMjdhYjgzYzk3MjQ4YzciLCJfYXV0aF91c2VyX2JhY2tlbmQiOiJkamFuZ28uY29udHJpYi5hdXRoLmJhY2tlbmRzLk1vZGVsQmFja2VuZCIsIl9hdXRoX3VzZXJfaWQiOiIxIn0=", "expire_date": "2017-05-05T17:25:34.986Z"}}, {"model": "sessions.session", "pk": "dl1xe89moi8a5yvfrlxnm32b1cyrivmr", "fields": {"session_data": "Zjg5NzVlMGY1MjlhNTMwMTkwZjZkZDNlMjNmOWIyM2NmYzU4ZjFmYjp7Il9hdXRoX3VzZXJfaGFzaCI6Ijc2MWM4NWEwMjUyMDdiNjQ4Njk0ZmNmNWI0NjFjZDg5NjllM2VkODYiLCJfYXV0aF91c2VyX2JhY2tlbmQiOiJkamFuZ28uY29udHJpYi5hdXRoLmJhY2tlbmRzLk1vZGVsQmFja2VuZCIsIl9hdXRoX3VzZXJfaWQiOiI1In0=", "expire_date": "2017-05-30T19:20:54.231Z"}}, {"model": "sessions.session", "pk": "e1ont80uxl89wbonpvzrc6f1x8bghjv4", "fields": {"session_data": "N2E3ZjU5YWJhZDllNjc1MGYwOWE3OTc4ODk4NTJhMDFiMjgyNjVkNzp7Il9hdXRoX3VzZXJfaGFzaCI6ImIwN2QzZjhiYTc3MWJlY2QyNmJmMDI2MWNmNDMxOWJmMDlmZmJjOTIiLCJfYXV0aF91c2VyX2JhY2tlbmQiOiJkamFuZ28uY29udHJpYi5hdXRoLmJhY2tlbmRzLk1vZGVsQmFja2VuZCIsIl9hdXRoX3VzZXJfaWQiOiI5In0=", "expire_date": "2017-05-25T18:11:00.478Z"}}, {"model": "sessions.session", "pk": "eaypcl0izxt62plq5bnz3uhim1k985h6", "fields": {"session_data": "NjRmYTNmY2M5MGYxNmE3ZDJlNzE5N2NlM2RhYTJkZjZkMzIwNDA5MTp7Il9hdXRoX3VzZXJfaGFzaCI6IjViMWI0YjhjY2ZkNDYwMWEzNzMxZTYwNGEzMjdhYjgzYzk3MjQ4YzciLCJfYXV0aF91c2VyX2JhY2tlbmQiOiJkamFuZ28uY29udHJpYi5hdXRoLmJhY2tlbmRzLk1vZGVsQmFja2VuZCIsIl9hdXRoX3VzZXJfaWQiOiIxIn0=", "expire_date": "2017-04-09T03:30:49.005Z"}}, {"model": "sessions.session", "pk": "gaxofwre335cl1fi9tgvtq6buxvnte8s", "fields": {"session_data": "MGFjYzU3ODUyNjFkYTlmZjc1ZDg2YzlhNTZiNzExYWJiMmE1NDZjNTp7Il9hdXRoX3VzZXJfaGFzaCI6ImU1YzM1MGIxYzI5MDI5YmFkYWE0NmRiNTBmMzg3OTAzMDZhODgxYTYiLCJfYXV0aF91c2VyX2JhY2tlbmQiOiJkamFuZ28uY29udHJpYi5hdXRoLmJhY2tlbmRzLk1vZGVsQmFja2VuZCIsIl9hdXRoX3VzZXJfaWQiOiIzIn0=", "expire_date": "2017-04-20T17:56:12.403Z"}}, {"model": "sessions.session", "pk": "gflfd6g42x44tjrroqy8xamdy9rwnphf", "fields": {"session_data": "NjRmYTNmY2M5MGYxNmE3ZDJlNzE5N2NlM2RhYTJkZjZkMzIwNDA5MTp7Il9hdXRoX3VzZXJfaGFzaCI6IjViMWI0YjhjY2ZkNDYwMWEzNzMxZTYwNGEzMjdhYjgzYzk3MjQ4YzciLCJfYXV0aF91c2VyX2JhY2tlbmQiOiJkamFuZ28uY29udHJpYi5hdXRoLmJhY2tlbmRzLk1vZGVsQmFja2VuZCIsIl9hdXRoX3VzZXJfaWQiOiIxIn0=", "expire_date": "2017-05-22T13:47:40.251Z"}}, {"model": "sessions.session", "pk": "guuuaxeo0fllixoop1w2c6hisctyfix9", "fields": {"session_data": "MTg0Yzk2ZTUyOWFmOTQxNzgwMGUwYWEyYWM1NGI3ODIwZDcwOWNhODp7Il9hdXRoX3VzZXJfaGFzaCI6ImUzYTcxMDhiNzM5NmJjZGVmMzE1YmM2YmY5ZTcyYWQ5YWFmY2U4ZjMiLCJfYXV0aF91c2VyX2JhY2tlbmQiOiJkamFuZ28uY29udHJpYi5hdXRoLmJhY2tlbmRzLk1vZGVsQmFja2VuZCIsIl9hdXRoX3VzZXJfaWQiOiI3In0=", "expire_date": "2017-05-10T22:40:59.150Z"}}, {"model": "sessions.session", "pk": "h0739sa76303tfkb6jltjbkb9r5fjqmz", "fields": {"session_data": "N2E3ZjU5YWJhZDllNjc1MGYwOWE3OTc4ODk4NTJhMDFiMjgyNjVkNzp7Il9hdXRoX3VzZXJfaGFzaCI6ImIwN2QzZjhiYTc3MWJlY2QyNmJmMDI2MWNmNDMxOWJmMDlmZmJjOTIiLCJfYXV0aF91c2VyX2JhY2tlbmQiOiJkamFuZ28uY29udHJpYi5hdXRoLmJhY2tlbmRzLk1vZGVsQmFja2VuZCIsIl9hdXRoX3VzZXJfaWQiOiI5In0=", "expire_date": "2017-05-29T20:28:41.436Z"}}, {"model": "sessions.session", "pk": "heedrzzt7ldf9hluz3k1luv94xigz0vy", "fields": {"session_data": "N2E3ZjU5YWJhZDllNjc1MGYwOWE3OTc4ODk4NTJhMDFiMjgyNjVkNzp7Il9hdXRoX3VzZXJfaGFzaCI6ImIwN2QzZjhiYTc3MWJlY2QyNmJmMDI2MWNmNDMxOWJmMDlmZmJjOTIiLCJfYXV0aF91c2VyX2JhY2tlbmQiOiJkamFuZ28uY29udHJpYi5hdXRoLmJhY2tlbmRzLk1vZGVsQmFja2VuZCIsIl9hdXRoX3VzZXJfaWQiOiI5In0=", "expire_date": "2017-05-29T22:23:09.020Z"}}, {"model": "sessions.session", "pk": "j5exkgv7mwyqcghyxsdl51cpy083of09", "fields": {"session_data": "YjVmZWM5N2E0NDcxYmY0YjM1ZmQ3Y2NkZjAxNDdmYzZkMDc0N2RmMDp7Il9hdXRoX3VzZXJfaGFzaCI6Ijg4ZTlmNWE4OTE2MWZiMDUzNzQxZDcwMDUzYjc1ZWRkMDViZTk3YWYiLCJfYXV0aF91c2VyX2JhY2tlbmQiOiJkamFuZ28uY29udHJpYi5hdXRoLmJhY2tlbmRzLk1vZGVsQmFja2VuZCIsIl9hdXRoX3VzZXJfaWQiOiIyIn0=", "expire_date": "2017-04-12T20:07:24.293Z"}}, {"model": "sessions.session", "pk": "len3mdo6g7c9fggyf9x4k7tio0gda3te", "fields": {"session_data": "NjRmYTNmY2M5MGYxNmE3ZDJlNzE5N2NlM2RhYTJkZjZkMzIwNDA5MTp7Il9hdXRoX3VzZXJfaGFzaCI6IjViMWI0YjhjY2ZkNDYwMWEzNzMxZTYwNGEzMjdhYjgzYzk3MjQ4YzciLCJfYXV0aF91c2VyX2JhY2tlbmQiOiJkamFuZ28uY29udHJpYi5hdXRoLmJhY2tlbmRzLk1vZGVsQmFja2VuZCIsIl9hdXRoX3VzZXJfaWQiOiIxIn0=", "expire_date": "2017-06-02T19:08:36.819Z"}}, {"model": "sessions.session", "pk": "m1ode1iybfdc5y5v53iirzfehnxz1pjz", "fields": {"session_data": "NjRmYTNmY2M5MGYxNmE3ZDJlNzE5N2NlM2RhYTJkZjZkMzIwNDA5MTp7Il9hdXRoX3VzZXJfaGFzaCI6IjViMWI0YjhjY2ZkNDYwMWEzNzMxZTYwNGEzMjdhYjgzYzk3MjQ4YzciLCJfYXV0aF91c2VyX2JhY2tlbmQiOiJkamFuZ28uY29udHJpYi5hdXRoLmJhY2tlbmRzLk1vZGVsQmFja2VuZCIsIl9hdXRoX3VzZXJfaWQiOiIxIn0=", "expire_date": "2017-05-02T20:05:23.468Z"}}, {"model": "sessions.session", "pk": "om1fygm1uptudytq8v6mv76aemcv4m84", "fields": {"session_data": "NjRmYTNmY2M5MGYxNmE3ZDJlNzE5N2NlM2RhYTJkZjZkMzIwNDA5MTp7Il9hdXRoX3VzZXJfaGFzaCI6IjViMWI0YjhjY2ZkNDYwMWEzNzMxZTYwNGEzMjdhYjgzYzk3MjQ4YzciLCJfYXV0aF91c2VyX2JhY2tlbmQiOiJkamFuZ28uY29udHJpYi5hdXRoLmJhY2tlbmRzLk1vZGVsQmFja2VuZCIsIl9hdXRoX3VzZXJfaWQiOiIxIn0=", "expire_date": "2017-04-24T17:26:21.783Z"}}, {"model": "sessions.session", "pk": "ov9roqwhgax5ppzuwt3n5gfmn2w2rep8", "fields": {"session_data": "NGVjZWFjMzRjMmM3NTM1NjhmMzEwNWVlNTIzOGE3ZDkzMDExMzJmMTp7Il9hdXRoX3VzZXJfaGFzaCI6ImMyYTQzM2IxZTYxYzU0ZThkODY5OTUzN2VjYjg2ZDFkZTg4MTYyYzEiLCJfYXV0aF91c2VyX2JhY2tlbmQiOiJkamFuZ28uY29udHJpYi5hdXRoLmJhY2tlbmRzLk1vZGVsQmFja2VuZCIsIl9hdXRoX3VzZXJfaWQiOiI1In0=", "expire_date": "2017-04-21T03:18:15.544Z"}}, {"model": "sessions.session", "pk": "p1muf6irviw704frwvaaaq1nptvq86tz", "fields": {"session_data": "N2E3ZjU5YWJhZDllNjc1MGYwOWE3OTc4ODk4NTJhMDFiMjgyNjVkNzp7Il9hdXRoX3VzZXJfaGFzaCI6ImIwN2QzZjhiYTc3MWJlY2QyNmJmMDI2MWNmNDMxOWJmMDlmZmJjOTIiLCJfYXV0aF91c2VyX2JhY2tlbmQiOiJkamFuZ28uY29udHJpYi5hdXRoLmJhY2tlbmRzLk1vZGVsQmFja2VuZCIsIl9hdXRoX3VzZXJfaWQiOiI5In0=", "expire_date": "2017-05-25T16:20:22.517Z"}}, {"model": "sessions.session", "pk": "paqgjv3m564nidiimkfqsgdxvs6jq935", "fields": {"session_data": "NzIwYTFkMGJlODZmMDJjZTk1MDQ3ODM2MzZjZGU2YjUzYTE2OTMzNzp7Il9hdXRoX3VzZXJfaGFzaCI6ImRlMzAzNzBhN2I5NWMwOWIxOWNmOGM5OWFlNmE4MWM5ZWY4MDQ0MzkiLCJfYXV0aF91c2VyX2JhY2tlbmQiOiJkamFuZ28uY29udHJpYi5hdXRoLmJhY2tlbmRzLk1vZGVsQmFja2VuZCIsIl9hdXRoX3VzZXJfaWQiOiI4In0=", "expire_date": "2017-05-25T16:33:13.964Z"}}, {"model": "sessions.session", "pk": "qx4vo1sd1xm974o5coyh3bcu9h5q3dfq", "fields": {"session_data": "NjRmYTNmY2M5MGYxNmE3ZDJlNzE5N2NlM2RhYTJkZjZkMzIwNDA5MTp7Il9hdXRoX3VzZXJfaGFzaCI6IjViMWI0YjhjY2ZkNDYwMWEzNzMxZTYwNGEzMjdhYjgzYzk3MjQ4YzciLCJfYXV0aF91c2VyX2JhY2tlbmQiOiJkamFuZ28uY29udHJpYi5hdXRoLmJhY2tlbmRzLk1vZGVsQmFja2VuZCIsIl9hdXRoX3VzZXJfaWQiOiIxIn0=", "expire_date": "2017-04-12T21:21:29.588Z"}}, {"model": "sessions.session", "pk": "rd565ofawasfjq4r0bhu8zrzcjxpng1u", "fields": {"session_data": "NjRmYTNmY2M5MGYxNmE3ZDJlNzE5N2NlM2RhYTJkZjZkMzIwNDA5MTp7Il9hdXRoX3VzZXJfaGFzaCI6IjViMWI0YjhjY2ZkNDYwMWEzNzMxZTYwNGEzMjdhYjgzYzk3MjQ4YzciLCJfYXV0aF91c2VyX2JhY2tlbmQiOiJkamFuZ28uY29udHJpYi5hdXRoLmJhY2tlbmRzLk1vZGVsQmFja2VuZCIsIl9hdXRoX3VzZXJfaWQiOiIxIn0=", "expire_date": "2017-05-09T21:37:51.503Z"}}, {"model": "sessions.session", "pk": "rkoxqq99cdgd4molhecr105tomsuwejj", "fields": {"session_data": "NjRmYTNmY2M5MGYxNmE3ZDJlNzE5N2NlM2RhYTJkZjZkMzIwNDA5MTp7Il9hdXRoX3VzZXJfaGFzaCI6IjViMWI0YjhjY2ZkNDYwMWEzNzMxZTYwNGEzMjdhYjgzYzk3MjQ4YzciLCJfYXV0aF91c2VyX2JhY2tlbmQiOiJkamFuZ28uY29udHJpYi5hdXRoLmJhY2tlbmRzLk1vZGVsQmFja2VuZCIsIl9hdXRoX3VzZXJfaWQiOiIxIn0=", "expire_date": "2017-04-12T15:19:46.430Z"}}, {"model": "sessions.session", "pk": "rqj0xaertf1xdxe4y1uub4hxeud8glvv", "fields": {"session_data": "NjRmYTNmY2M5MGYxNmE3ZDJlNzE5N2NlM2RhYTJkZjZkMzIwNDA5MTp7Il9hdXRoX3VzZXJfaGFzaCI6IjViMWI0YjhjY2ZkNDYwMWEzNzMxZTYwNGEzMjdhYjgzYzk3MjQ4YzciLCJfYXV0aF91c2VyX2JhY2tlbmQiOiJkamFuZ28uY29udHJpYi5hdXRoLmJhY2tlbmRzLk1vZGVsQmFja2VuZCIsIl9hdXRoX3VzZXJfaWQiOiIxIn0=", "expire_date": "2017-05-20T16:28:51.146Z"}}, {"model": "sessions.session", "pk": "t4rjy710u32q9d4p6r3ltz1lyrwtd8f8", "fields": {"session_data": "N2E3ZjU5YWJhZDllNjc1MGYwOWE3OTc4ODk4NTJhMDFiMjgyNjVkNzp7Il9hdXRoX3VzZXJfaGFzaCI6ImIwN2QzZjhiYTc3MWJlY2QyNmJmMDI2MWNmNDMxOWJmMDlmZmJjOTIiLCJfYXV0aF91c2VyX2JhY2tlbmQiOiJkamFuZ28uY29udHJpYi5hdXRoLmJhY2tlbmRzLk1vZGVsQmFja2VuZCIsIl9hdXRoX3VzZXJfaWQiOiI5In0=", "expire_date": "2017-05-29T20:30:23.444Z"}}, {"model": "sessions.session", "pk": "tuxnn0g2so0mdvcqnd2nb4ww5kcu53ys", "fields": {"session_data": "NjRmYTNmY2M5MGYxNmE3ZDJlNzE5N2NlM2RhYTJkZjZkMzIwNDA5MTp7Il9hdXRoX3VzZXJfaGFzaCI6IjViMWI0YjhjY2ZkNDYwMWEzNzMxZTYwNGEzMjdhYjgzYzk3MjQ4YzciLCJfYXV0aF91c2VyX2JhY2tlbmQiOiJkamFuZ28uY29udHJpYi5hdXRoLmJhY2tlbmRzLk1vZGVsQmFja2VuZCIsIl9hdXRoX3VzZXJfaWQiOiIxIn0=", "expire_date": "2017-05-11T14:20:24.998Z"}}, {"model": "sessions.session", "pk": "vme5bvtya6mud8cjlhfqg30cn30zz5a2", "fields": {"session_data": "NjZkMWRjMmUwM2RmZGNlOTY3ZTlmMjBmOGZkNGU1NGVkM2IzNjU3MDp7fQ==", "expire_date": "2017-05-10T21:54:01.188Z"}}, {"model": "sessions.session", "pk": "volav4uqyr1qwsah0iln0brdb79whrt5", "fields": {"session_data": "MTg0Yzk2ZTUyOWFmOTQxNzgwMGUwYWEyYWM1NGI3ODIwZDcwOWNhODp7Il9hdXRoX3VzZXJfaGFzaCI6ImUzYTcxMDhiNzM5NmJjZGVmMzE1YmM2YmY5ZTcyYWQ5YWFmY2U4ZjMiLCJfYXV0aF91c2VyX2JhY2tlbmQiOiJkamFuZ28uY29udHJpYi5hdXRoLmJhY2tlbmRzLk1vZGVsQmFja2VuZCIsIl9hdXRoX3VzZXJfaWQiOiI3In0=", "expire_date": "2017-05-11T13:39:23.809Z"}}, {"model": "sessions.session", "pk": "wpld9uaxnndxtdtmbsx9vv9j6p7683nq", "fields": {"session_data": "N2E3ZjU5YWJhZDllNjc1MGYwOWE3OTc4ODk4NTJhMDFiMjgyNjVkNzp7Il9hdXRoX3VzZXJfaGFzaCI6ImIwN2QzZjhiYTc3MWJlY2QyNmJmMDI2MWNmNDMxOWJmMDlmZmJjOTIiLCJfYXV0aF91c2VyX2JhY2tlbmQiOiJkamFuZ28uY29udHJpYi5hdXRoLmJhY2tlbmRzLk1vZGVsQmFja2VuZCIsIl9hdXRoX3VzZXJfaWQiOiI5In0=", "expire_date": "2017-05-25T18:12:06.744Z"}}, {"model": "sessions.session", "pk": "xriqdd94jjqhxert1tedjruqr2qns7ao", "fields": {"session_data": "NjRmYTNmY2M5MGYxNmE3ZDJlNzE5N2NlM2RhYTJkZjZkMzIwNDA5MTp7Il9hdXRoX3VzZXJfaGFzaCI6IjViMWI0YjhjY2ZkNDYwMWEzNzMxZTYwNGEzMjdhYjgzYzk3MjQ4YzciLCJfYXV0aF91c2VyX2JhY2tlbmQiOiJkamFuZ28uY29udHJpYi5hdXRoLmJhY2tlbmRzLk1vZGVsQmFja2VuZCIsIl9hdXRoX3VzZXJfaWQiOiIxIn0=", "expire_date": "2017-05-01T00:05:51.945Z"}}, {"model": "sessions.session", "pk": "ydxnout6u19dof9fwceevllvo79diaoa", "fields": {"session_data": "NjRmYTNmY2M5MGYxNmE3ZDJlNzE5N2NlM2RhYTJkZjZkMzIwNDA5MTp7Il9hdXRoX3VzZXJfaGFzaCI6IjViMWI0YjhjY2ZkNDYwMWEzNzMxZTYwNGEzMjdhYjgzYzk3MjQ4YzciLCJfYXV0aF91c2VyX2JhY2tlbmQiOiJkamFuZ28uY29udHJpYi5hdXRoLmJhY2tlbmRzLk1vZGVsQmFja2VuZCIsIl9hdXRoX3VzZXJfaWQiOiIxIn0=", "expire_date": "2017-05-25T17:53:32.161Z"}}, {"model": "sessions.session", "pk": "zls0qfnxhvidx6xspmxt55ymdvzkgt6e", "fields": {"session_data": "NjRmYTNmY2M5MGYxNmE3ZDJlNzE5N2NlM2RhYTJkZjZkMzIwNDA5MTp7Il9hdXRoX3VzZXJfaGFzaCI6IjViMWI0YjhjY2ZkNDYwMWEzNzMxZTYwNGEzMjdhYjgzYzk3MjQ4YzciLCJfYXV0aF91c2VyX2JhY2tlbmQiOiJkamFuZ28uY29udHJpYi5hdXRoLmJhY2tlbmRzLk1vZGVsQmFja2VuZCIsIl9hdXRoX3VzZXJfaWQiOiIxIn0=", "expire_date": "2017-05-10T21:08:43.842Z"}}, {"model": "empresa.configuracion", "pk": 1, "fields": {"nombre": "1", "dias_anio": 360, "porc_cesa": 0.12, "ango_vaca": 2, "porc_hexd": 1.25, "porc_hnoc": 1.35, "porc_hexn": 1.75, "porc_hord": 1.75, "porc_hxdd": 2.0, "porc_hxnd": 2.5, "agno_vaca": 2.0, "dia_cmes": 1, "dia_cqui": 15, "dia_canu": 31, "mes_canu": 12}}, {"model": "empresa.configuracion", "pk": 2, "fields": {"nombre": "Exile1", "dias_anio": 360, "porc_cesa": 0.12, "ango_vaca": 2, "porc_hexd": 1.25, "porc_hnoc": 1.35, "porc_hexn": 1.75, "porc_hord": 1.75, "porc_hxdd": 2.0, "porc_hxnd": 2.5, "agno_vaca": 2.0, "dia_cmes": 1, "dia_cqui": 15, "dia_canu": 31, "mes_canu": 12}}, {"model": "empresa.calculos", "pk": 1, "fields": {"nombre": "1", "cesa": "1", "intc": "1", "prim": "1", "vaca": "1", "hexd": "1", "hnoc": "1", "hexn": "1", "hord": "1", "hxdd": "1", "hxnd": "1"}}, {"model": "empresa.empresa", "pk": 1, "fields": {"codigo": "347", "razons": "GritSTone SAS", "ident": "21343553", "telefono": "00000000", "ciudad": "Cartagena", "activo": true, "logo": "", "email": "luismiguel.mopa@gmail.com", "direccion": "ss", "configuracion": 1, "calculos": 1}}, {"model": "empresa.empresa", "pk": 2, "fields": {"codigo": "150", "razons": "Exile SAS", "ident": "545546456654", "telefono": "00000000", "ciudad": "Cartagena", "activo": true, "logo": "", "email": "info@exile.com.co", "direccion": "Cartagena - Bolivar, Colombia", "configuracion": 2, "calculos": 1}}, {"model": "empresa.departamento", "pk": 1, "fields": {"nombre": "Revisor\u00eda", "codigo": "324", "activo": true, "empresa": 1, "superior": null}}, {"model": "empresa.departamento", "pk": 2, "fields": {"nombre": "Desarrollo", "codigo": "01", "activo": true, "empresa": 1, "superior": null}}, {"model": "empresa.departamento", "pk": 3, "fields": {"nombre": "Sistemas", "codigo": "000", "activo": true, "empresa": 1, "superior": null}}, {"model": "empresa.cargo", "pk": 1, "fields": {"nombre": "Lider de Desarrollo", "activo": true, "descripcion": "Lidera el desarrollo de las funcionalidades", "departamento": 2, "salario": "200000.000"}}, {"model": "empresa.cargo", "pk": 2, "fields": {"nombre": "Revisor", "activo": true, "descripcion": "Revisa los procesos de la empresa", "departamento": 1, "salario": "500000.000"}}, {"model": "empresa.cargo", "pk": 3, "fields": {"nombre": "Ing Requerimientos", "activo": true, "descripcion": "Recoje los requerimientos del cliente", "departamento": 2, "salario": "3000.000"}}, {"model": "empresa.cargo", "pk": 4, "fields": {"nombre": "Gestor de Proyectos", "activo": true, "descripcion": "dirige los progectos", "departamento": 2, "salario": "2000.000"}}, {"model": "empresa.cargo", "pk": 5, "fields": {"nombre": "Lider de Mantenimiento", "activo": true, "descripcion": "Guiar el proceso de Mantenimioento de los activos", "departamento": 3, "salario": "1000.000"}}, {"model": "empresa.cargo", "pk": 6, "fields": {"nombre": "T\u00e9cnico de Mantenimiento", "activo": true, "descripcion": "Encargado de realizar los mantenimientos a los activos", "departamento": 3, "salario": "500.000"}}, {"model": "empresa.empleado", "pk": 1, "fields": {"codigo": "23454321", "cargo": 1, "empresa": 1, "nombre": "Yamid Tatiana", "apellido": "Pico Leal", "telefono": "00000000", "bonificacion": "0.00"}}, {"model": "empresa.empleado", "pk": 2, "fields": {"codigo": "34543", "cargo": null, "empresa": 1, "nombre": "Cirstian Rafael", "apellido": "Trujillo Zuleta", "telefono": "00000000", "bonificacion": "1.00"}}, {"model": "empresa.empleado", "pk": 3, "fields": {"codigo": "4343324", "cargo": 2, "empresa": 1, "nombre": "Eugenio Jos\u00e9", "apellido": "P\u00e1jaro Almagro", "telefono": "00000000", "bonificacion": "0.00"}}, {"model": "empresa.empleado", "pk": 4, "fields": {"codigo": "090989", "cargo": 3, "empresa": 1, "nombre": "Onel Amaranto", "apellido": "Arrieta Z\u00fa\u00f1iga", "telefono": "745346532", "bonificacion": "0.00"}}, {"model": "empresa.empleado", "pk": 5, "fields": {"codigo": "324352", "cargo": 4, "empresa": 1, "nombre": "Mario Jos\u00e9", "apellido": "Barrios Pacheco", "telefono": "345443", "bonificacion": "0.00"}}, {"model": "empresa.empleado", "pk": 6, "fields": {"codigo": "00556", "cargo": 5, "empresa": 1, "nombre": "Estefanie", "apellido": "Pico Leal", "telefono": "3124564218", "bonificacion": "0.00"}}, {"model": "empresa.contrato", "pk": 1, "fields": {"fecha": "2017-03-29", "fecha_inicio": "2017-03-29", "empleado": 1, "cargo": 1, "documento": "contratos/arbol_movil.gliffy", "firmado": false, "horas_dia": 3, "modalidad": 0, "fecha_vencimiento": null}}, {"model": "empresa.contrato", "pk": 2, "fields": {"fecha": "2017-04-05", "fecha_inicio": "2017-04-05", "empleado": 3, "cargo": 2, "documento": "contratos/eeeee.PNG", "firmado": true, "horas_dia": 8, "modalidad": 0, "fecha_vencimiento": null}}, {"model": "empresa.contrato", "pk": 3, "fields": {"fecha": "2017-04-06", "fecha_inicio": "2017-04-06", "empleado": 4, "cargo": 3, "documento": "contratos/ACTUALIZAR.png", "firmado": false, "horas_dia": 5, "modalidad": 1, "fecha_vencimiento": null}}, {"model": "empresa.contrato", "pk": 4, "fields": {"fecha": "2017-04-06", "fecha_inicio": "2017-04-06", "empleado": 5, "cargo": 4, "documento": "contratos/NUEVO.png", "firmado": true, "horas_dia": 4, "modalidad": 0, "fecha_vencimiento": null}}, {"model": "empresa.contrato", "pk": 5, "fields": {"fecha": "2017-04-26", "fecha_inicio": "2016-11-21", "empleado": 6, "cargo": 5, "documento": "contratos/cedula_001.jpg", "firmado": true, "horas_dia": 5, "modalidad": 1, "fecha_vencimiento": null}}, {"model": "usr.empresa", "pk": 8, "fields": {"uempresa": 1, "groups": [3], "user_permissions": []}}, {"model": "usr.empresa", "pk": 9, "fields": {"uempresa": 2, "groups": [3], "user_permissions": []}}, {"model": "usr.empleado", "pk": 2, "fields": {"uempleado": 1, "groups": [2], "user_permissions": []}}, {"model": "usr.empleado", "pk": 3, "fields": {"uempleado": 3, "groups": [2], "user_permissions": []}}, {"model": "usr.empleado", "pk": 4, "fields": {"uempleado": 4, "groups": [2], "user_permissions": []}}, {"model": "usr.empleado", "pk": 5, "fields": {"uempleado": 5, "groups": [2], "user_permissions": []}}, {"model": "usr.empleado", "pk": 6, "fields": {"uempleado": 2, "groups": [2], "user_permissions": []}}, {"model": "usr.empleado", "pk": 7, "fields": {"uempleado": 6, "groups": [2], "user_permissions": []}}]